package	version	architecture	sha256
fonts-font-awesome	5.0.10+really4.7.0~dfsg-4.1build1	all	9e5b1cd822f79abe700aaa86811594448bc6a589a03c80537194306e1c3132d2
fonts-lato	2.015-1build1	all	e7c28afec4d16c1960ae87aec69b0c2f06bb376b7af80f4cf42843cf9ec75ac8
fpga-icestorm	0~20250207git7fbf8c0+dfsg1-1build1	amd64	d8821ff3354552d967e7c1278ca2f4523bdac354ce767488da3a07a968328ba5
libboost-iostreams1.90.0	1.90.0-6ubuntu1	amd64	f2b4576e6b61d636874c09e6e84bcc3632fdde9eef808ca9eff5d5904dee2948
libboost-program-options1.90.0	1.90.0-6ubuntu1	amd64	552699d9211d5e9bc6c2ff97c412a901b431ba61eb7d93c8c139c3d20f45104e
libboost-thread1.90.0	1.90.0-6ubuntu1	amd64	355d25d261edce40b4284417d511600d1c7f4805a5062230d53c2477975ae5f4
libftdi1	0.20-4ubuntu6	amd64	f43a795491e215c50dc344be1a025f9d11200f212ce4468d036f5a249d85bf00
libjs-jquery	3.7.1+dfsg+~3.5.33-1build1	all	a899e46df91cd93f03cf26a968c8577d3bcd3617a74ce112ccd2f7bcde0b9fbc
libtcl8.6	8.6.17+dfsg-1build1	amd64	7e062e6b4c8e4c4c5122679c193c4567c1bf4dab3555a64ea2449a256cfd8043
libusb-0.1-4	2:0.1.12-35build2	amd64	93bf0d7ce14aaf5636aa14dbeaf6c6e34c6191e1c422bebd33c89150c6e9123b
nextpnr-ice40-chipdb	0.9-3	amd64	bdb95a1fb4ed4786e93abf6522300bc3fab8109d75b2189c43ac6ff692de44c3
nextpnr-ice40	0.9-3	amd64	658927a177620d21a5e7027d3e38738d11d0fc823d0ba4bd87af630c59163a77
sphinx-rtd-theme-common	3.1.0+dfsg-1	all	346ac77fcceef9f075917f160eb261ea71c646700eb5e0196cbb706940620bb8
yosys-abc	0.52-2	amd64	82e3e3d5f6498c10260eaaaf72ae418e28c03679edfbc02e3c6e2e03e585a45e
yosys	0.52-2	amd64	e435ad95e0599d6f7a69fb5b229c822bd826662678367bbea26003473d6a61ae
sv2v	v0.0.12	amd64	ff8c9eea5bc029b372fb4953427625cddb7cf7e58c1240623ac9f260818d5a00
